rank	term_norm	display	freq
1	i	I	32415
2	jer	jer	32415
3	jeres	jeres	32415
4	er	er	30925
5	var	var	30925
6	vær	vær	30925
7	være	være	30925
8	værede	værede	30925
9	værende	værende	30925
10	væres	væres	30925
11	været	været	30925
12	og	og	29710
13	en	en	25382
14	ens	ens	25382
15	et	et	25382
16	de	de	24577
17	den	den	24577
18	dens	dens	24577
19	det	det	24577
20	pa	på	15144
21	til	til	15133
22	af	af	14464
23	at	at	14360
24	haft	haft	13944
25	hafte	hafte	13944
26	har	har	13944
27	hav	hav	13944
28	havde	havde	13944
29	have	have	13944
30	haven	haven	13944
31	havende	havende	13944
32	havens	havens	13944
33	haver	haver	13944
34	haverne	haverne	13944
35	havernes	havernes	13944
36	havers	havers	13944
37	haves	haves	13944
38	for	for	12818
39	forene	forene	12818
40	forenes	forenes	12818
41	foret	foret	12818
42	forets	forets	12818
43	fors	fors	12818
44	fx	fx	12818
45	der	der	12740
46	med	med	11167
47	som	som	10087
48	ikke	ikke	9017
49	kan	kan	6746
50	kunne	kunne	6746
51	kunnede	kunnede	6746
52	kunnet	kunnet	6746
53	blev	blev	6638
54	blevede	blevede	6638
55	blevet	blevet	6638
56	bliv	bliv	6638
57	blive	blive	6638
58	blivende	blivende	6638
59	bliver	bliver	6638
60	blives	blives	6638
61	ham	ham	6459
62	han	han	6459
63	hanen	hånen	6459
64	hanens	hånens	6459
65	hannen	hannen	6459
66	hannens	hannens	6459
67	hanner	hanner	6459
68	hannerne	hannerne	6459
69	hannernes	hannernes	6459
70	hanners	hanners	6459
71	hans	hans	6459
72	om	om	5978
73	men	men	5780
74	menen	menen	5780
75	menene	menene	5780
76	menenes	menenes	5780
77	menens	menens	5780
78	menet	menet	5780
79	menets	menets	5780
80	mens	mens	5780
81	jeg	jeg	5582
82	jeger	jeger	5582
83	jegerne	jegerne	5582
84	jegernes	jegernes	5582
85	jegers	jegers	5582
86	jeget	jeget	5582
87	jegets	jegets	5582
88	jegs	jegs	5582
89	mig	mig	5582
90	os	os	5506
91	vi	vi	5506
92	vie	vie	5506
93	viede	viede	5506
94	viende	viende	5506
95	vier	vier	5506
96	vierne	vierne	5506
97	viernes	viernes	5506
98	viers	viers	5506
99	vies	vies	5506
100	viet	viet	5506
101	viets	viets	5506
102	vir	vir	5506
103	vis	vis	5506
104	vores	vores	5506
105	fra	fra	5256
106	dem	Dem	4750
107	deres	Deres	4750
108	skal	skål	4471
109	skulle	skulle	4471
110	skullede	skullede	4471
111	skullet	skullet	4471
112	man	man	4135
113	manen	Månen	4135
114	manens	Månens	4135
115	maner	maner	4135
116	manerne	manerne	4135
117	manernes	manernes	4135
118	maners	maners	4135
119	mans	mans	4135
120	megen	megen	4063
121	meget	meget	4063
122	sa	så	4042
123	saede	såede	4042
124	saende	sående	4042
125	saere	såere	4042
126	saest	såest	4042
127	saeste	såeste	4042
128	saet	sået	4042
129	sar	sår	4042
130	sas	sås	4042
131	sig	sig	4040
132	vil	vil	3980
133	ville	ville	3980
134	villede	villede	3980
135	villet	villet	3980
136	fa	få	3707
137	faede	fåede	3707
138	faende	fående	3707
139	faer	faer	3707
140	faerne	faerne	3707
141	faernes	faernes	3707
142	faers	faers	3707
143	faet	fået	3707
144	faets	faets	3707
145	far	får	3707
146	fas	fås	3707
147	fik	fik	3707
148	færre	færre	3707
149	færrest	færrest	3707
150	færreste	færreste	3707
151	sagde	sagde	3549
152	sagdes	sagdes	3549
153	sagt	sagt	3549
154	sagte	sagte	3549
155	sige	sige	3549
156	sigende	sigende	3549
157	siger	siger	3549
158	siges	siges	3549
159	ar	år	3457
160	aren	aren	3457
161	arene	årene	3457
162	arenes	årenes	3457
163	arens	arens	3457
164	aret	året	3457
165	arets	årets	3457
166	arrene	arrene	3457
167	arrenes	arrenes	3457
168	arret	arret	3457
169	arrets	arrets	3457
170	ars	års	3457
171	ogsa	også	3311
172	anden	anden	3135
173	andens	andens	3135
174	andet	andet	3135
175	andets	andets	3135
176	andre	andre	3135
177	bedre	bedre	2984
178	bedst	bedst	2984
179	bedste	bedste	2984
180	god	god	2984
181	gode	gode	2984
182	godt	godt	2984
183	nogen	nogen	2926
184	nogens	nogens	2926
185	noget	noget	2926
186	nogle	nogle	2926
187	stor	stor	2873
188	store	store	2873
189	stort	stort	2873
190	større	større	2873
191	størst	størst	2873
192	største	største	2873
193	ved	ved	2870
194	veddet	veddet	2870
195	veddets	veddets	2870
196	veds	veds	2870
197	hvor	hvor	2720
198	sin	sin	2719
199	sine	sine	2719
200	sit	sit	2719
201	kom	kom	2693
202	komme	komme	2693
203	kommede	kommede	2693
204	kommende	kommende	2693
205	kommer	kommer	2693
206	kommes	kommes	2693
207	kommet	kommet	2693
208	hende	hende	2499
209	hendes	hendes	2499
210	hun	hun	2499
211	hunnen	hunnen	2499
212	hunnens	hunnens	2499
213	hunner	hunner	2499
214	hunnerne	hunnerne	2499
215	hunnernes	hunnernes	2499
216	hunners	hunners	2499
217	huns	huns	2499
218	eller	eller	2203
219	al	al	2110
220	alen	alen	2110
221	alene	alene	2110
222	alenes	ålenes	2110
223	alens	alens	2110
224	alle	alle	2110
225	als	als	2110
226	alt	alt	2110
227	ud	ud	2092
228	efter	efter	2065
229	hel	hel	2034
230	hele	hele	2034
231	helere	helere	2034
232	helest	helest	2034
233	heleste	heleste	2034
234	helt	helt	2034
235	ny	ny	2031
236	nye	nye	2031
237	nyer	nyer	2031
238	nyere	nyere	2031
239	nyerne	nyerne	2031
240	nyernes	nyernes	2031
241	nyers	nyers	2031
242	nyest	nyest	2031
243	nyeste	nyeste	2031
244	nyet	nyet	2031
245	nyets	nyets	2031
246	nys	nys	2031
247	nyt	nyt	2031
248	nu	nu	2006
249	nuet	nuet	2006
250	nuets	nuets	2006
251	nus	nus	2006
252	ga	gå	2003
253	gaede	gåede	2003
254	gaende	gående	2003
255	gaet	gået	2003
256	gar	går	2003
257	gas	gås	2003
258	gik	gik	2003
259	gjorde	gjorde	1976
260	gjordes	gjordes	1976
261	gjort	gjort	1976
262	gjorte	gjorte	1976
263	gør	gør	1976
264	gøre	gøre	1976
265	gørende	gørende	1976
266	gøres	gøres	1976
267	se	se	1957
268	seende	seende	1957
269	ser	ser	1957
270	ses	ses	1957
271	set	set	1957
272	sete	sete	1957
273	dansk	dansk	1897
274	danske	danske	1897
275	danskere	danskere	1897
276	danskest	danskest	1897
277	danskeste	danskeste	1897
278	dansks	dansks	1897
279	over	over	1839
280	overe	overe	1839
281	overen	overen	1839
282	overens	overens	1839
283	overes	overes	1839
284	overne	overne	1839
285	overnes	overnes	1839
286	overs	overs	1839
287	nar	når	1826
288	narre	narre	1826
289	narren	narren	1826
290	narrene	narrene	1826
291	narrenes	narrenes	1826
292	narrens	narrens	1826
293	narres	narres	1826
294	nars	nars	1826
295	op	op	1794
296	denne	denne	1769
297	dennes	dennes	1769
298	dette	dette	1769
299	disse	disse	1769
300	mange	mange	1738
301	mangen	mangen	1738
302	mangenere	mangenere	1738
303	mangenest	mangenest	1738
304	mangeneste	mangeneste	1738
305	mangt	mangt	1738
306	dag	dag	1690
307	dage	dage	1690
308	dagen	dagen	1690
309	dagene	dagene	1690
310	dagenes	dagenes	1690
311	dagens	dagens	1690
312	dages	dages	1690
313	dags	dags	1690
314	hvis	hvis	1676
315	da	da	1564
316	daen	dåen	1564
317	daens	dåens	1564
318	daer	dåer	1564
319	daerne	dåerne	1564
320	daernes	dåernes	1564
321	daers	dåers	1564
322	das	das	1564
323	tag	tag	1537
324	tage	tage	1537
325	tagede	tågede	1537
326	tagedes	tågedes	1537
327	tagen	tagen	1537
328	tagende	tagende	1537
329	tagens	tågens	1537
330	tager	tager	1537
331	tagerne	tågerne	1537
332	tagernes	tågernes	1537
333	tagers	tågers	1537
334	tages	tages	1537
335	taget	tåget	1537
336	tagne	tagne	1537
337	tog	tog	1537
338	her	her	1370
339	kron	kron	1338
340	krone	krone	1338
341	kronede	kronede	1338
342	kronedes	kronedes	1338
343	kronen	kronen	1338
344	kronende	kronende	1338
345	kronens	kronens	1338
346	kroner	kroner	1338
347	kronerne	kronerne	1338
348	kronernes	kronernes	1338
349	kroners	kroners	1338
350	krones	krones	1338
351	kronet	kronet	1338
352	gang	gang	1309
353	gange	gange	1309
354	gangen	gangen	1309
355	gangene	gangene	1309
356	gangenes	gangenes	1309
357	gangens	gangens	1309
358	ganges	ganges	1309
359	gangs	gangs	1309
360	tid	tid	1303
361	tiden	tiden	1303
362	tidens	tidens	1303
363	tider	tider	1303
364	tiderne	tiderne	1303
365	tidernes	tidernes	1303
366	tiders	tiders	1303
367	tids	tids	1303
368	mod	mod	1251
369	modet	modet	1251
370	modets	modets	1251
371	mods	mods	1251
372	gav	gav	1223
373	giv	giv	1223
374	give	give	1223
375	given	given	1223
376	givende	givende	1223
377	giver	giver	1223
378	gives	gives	1223
379	givet	givet	1223
380	givne	givne	1223
381	fandt	fandt	1222
382	fandtes	fandtes	1222
383	find	find	1222
384	finde	finde	1222
385	findende	findende	1222
386	finder	finder	1222
387	findes	findes	1222
388	funden	funden	1222
389	fundet	fundet	1222
390	fundne	fundne	1222
391	ma	må	1219
392	matte	matte	1219
393	mattede	måttede	1219
394	matten	måtten	1219
395	mattens	måttens	1219
396	matter	matter	1219
397	matterne	måtterne	1219
398	matternes	måtternes	1219
399	matters	måtters	1219
400	mattes	måttes	1219
401	mattet	måttet	1219
402	end	end	1204
403	hvad	hvad	1170
404	kun	kun	1158
405	dig	dig	1153
406	du	du	1153
407	duede	duede	1153
408	duedes	duedes	1153
409	duende	duende	1153
410	duer	duer	1153
411	duet	duet	1153
412	dur	dur	1153
413	ind	ind	1150
414	sta	stå	1150
415	staede	ståede	1150
416	staende	stående	1150
417	staet	stået	1150
418	star	står	1150
419	stas	stås	1150
420	stod	stod	1150
421	blandt	blandt	1103
422	lang	lang	1075
423	lange	lange	1075
424	langt	langt	1075
425	under	under	1071
426	undere	undere	1071
427	underen	underen	1071
428	underens	underens	1071
429	underes	underes	1071
430	underet	underet	1071
431	underets	underets	1071
432	underne	underne	1071
433	undernes	undernes	1071
434	unders	unders	1071
435	første	første	1069
436	førstere	førstere	1069
437	førstes	førstes	1069
438	førstest	førstest	1069
439	førsteste	førsteste	1069
440	sted	sted	1015
441	steder	steder	1015
442	stederne	stederne	1015
443	stedernes	stedernes	1015
444	steders	steders	1015
445	stedet	stedet	1015
446	stedets	stedets	1015
447	steds	steds	1015
448	land	land	1002
449	lande	lande	1002
450	landene	landene	1002
451	landenes	landenes	1002
452	landes	landes	1002
453	landet	landet	1002
454	landets	landets	1002
455	lands	lands	1002
456	selv	selv	943
457	selvene	selvene	943
458	selvenes	selvenes	943
459	selvet	selvet	943
460	selvets	selvets	943
461	selvs	selvs	943
462	barn	barn	933
463	barnet	barnet	933
464	barnets	barnets	933
465	barns	barns	933
466	børn	børn	933
467	børnene	børnene	933
468	børnenes	børnenes	933
469	børns	børns	933
470	fordi	fordi	928
471	sen	sen	925
472	sene	sene	925
473	senere	senere	925
474	senest	senest	925
475	seneste	seneste	925
476	sent	sent	925
477	derfor	derfor	917
478	procent	procent	903
479	procenten	procenten	903
480	procentens	procentens	903
481	procenter	procenter	903
482	procenterne	procenterne	903
483	procenternes	procenternes	903
484	procenters	procenters	903
485	procents	procents	903
486	sammen	sammen	897
487	lige	lige	885
488	ligere	ligere	885
489	liges	liges	885
490	ligest	ligest	885
491	ligeste	ligeste	885
492	jo	jo	883
493	mellem	mellem	879
494	mand	mand	861
495	manden	manden	861
496	mandens	mandens	861
497	mands	mands	861
498	mænd	mænd	861
499	mændene	mændene	861
500	mændenes	mændenes	861
501	mænds	mænds	861
502	sidste	sidste	858
503	sidstere	sidstere	858
504	sidstest	sidstest	858
505	sidsteste	sidsteste	858
506	ingen	ingen	855
507	ingens	ingens	855
508	intet	intet	855
509	tidlig	tidlig	842
510	tidlige	tidlige	842
511	tidligere	tidligere	842
512	tidligst	tidligst	842
513	tidligste	tidligste	842
514	tidligt	tidligt	842
515	brug	brug	832
516	bruge	bruge	832
517	brugende	brugende	832
518	bruger	bruger	832
519	bruges	bruges	832
520	brugt	brugt	832
521	brugte	brugte	832
522	brugtes	brugtes	832
523	del	del	828
524	dele	dele	828
525	delen	delen	828
526	delene	delene	828
527	delenes	delenes	828
528	delens	delens	828
529	deles	deles	828
530	dels	dels	828
531	vise	vise	828
532	visen	visen	828
533	visende	visende	828
534	visens	visens	828
535	viser	viser	828
536	viserne	viserne	828
537	visernes	visernes	828
538	visers	visers	828
539	vises	vises	828
540	vist	vist	828
541	viste	viste	828
542	vistes	vistes	828
543	sat	sat	825
544	satte	satte	825
545	sattes	sattes	825
546	sæt	sæt	825
547	sætte	sætte	825
548	sættende	sættende	825
549	sætter	sætter	825
550	sættes	sættes	825
551	hold	hold	808
552	holde	holde	808
553	holdende	holdende	808
554	holder	holder	808
555	holdes	holdes	808
556	holdt	holdt	808
557	holdte	holdte	808
558	holdtes	holdtes	808
559	samme	samme	806
560	sammere	sammere	806
561	sammest	sammest	806
562	sammeste	sammeste	806
563	lidt	lidt	800
564	lidtere	lidtere	800
565	lidtest	lidtest	800
566	lidteste	lidteste	800
567	hver	hver	791
568	hvers	hvers	791
569	hvert	hvert	791
570	bad	bad	789
571	bade	både	789
572	badede	badede	789
573	badedes	badedes	789
574	badende	badende	789
575	bader	bader	789
576	bades	bades	789
577	badet	badet	789
578	lille	lille	785
579	sma	små	785
580	mene	mene	758
581	menende	menende	758
582	mener	mener	758
583	menes	menes	758
584	ment	ment	758
585	mente	mente	758
586	mentes	mentes	758
587	gamle	gamle	749
588	gammel	gammel	749
589	gammelt	gammelt	749
590	ældre	ældre	749
591	ældst	ældst	749
592	ældste	ældste	749
593	skrev	skrev	747
594	skreven	skreven	747
595	skrevet	skrevet	747
596	skrevne	skrevne	747
597	skriv	skriv	747
598	skrive	skrive	747
599	skrivende	skrivende	747
600	skriver	skriver	747
601	skrives	skrives	747
602	dog	dog	746
603	kommune	kommune	739
604	kommunen	kommunen	739
605	kommunens	kommunens	739
606	kommuner	kommuner	739
607	kommunerne	kommunerne	739
608	kommunernes	kommunernes	739
609	kommuners	kommuners	739
610	kommunes	kommunes	739
611	liden	liden	738
612	lidet	lidet	738
613	nok	nok	721
614	nokere	nokere	721
615	nokest	nokest	721
616	nokeste	nokeste	721
617	nokken	nokken	721
618	nokkens	nokkens	721
619	nokker	nokker	721
620	nokkerne	nokkerne	721
621	nokkernes	nokkernes	721
622	nokkers	nokkers	721
623	noks	noks	721
624	bar	bar	700
625	bare	bare	700
626	barede	barede	700
627	baredes	baredes	700
628	baren	båren	700
629	barende	barende	700
630	barens	barens	700
631	barer	barer	700
632	barerne	barerne	700
633	barernes	barernes	700
634	barers	barers	700
635	bares	bares	700
636	baret	båret	700
637	høj	høj	685
638	høje	høje	685
639	højen	højen	685
640	højene	højene	685
641	højenes	højenes	685
642	højens	højens	685
643	højere	højere	685
644	højes	højes	685
645	højest	højest	685
646	højeste	højeste	685
647	højs	højs	685
648	højt	højt	685
649	la	lå	682
650	lig	lig	682
651	ligge	ligge	682
652	liggede	liggede	682
653	liggende	liggende	682
654	ligger	ligger	682
655	ligges	ligges	682
656	ligget	ligget	682
657	menneske	menneske	677
658	menneskene	menneskene	677
659	menneskenes	menneskenes	677
660	mennesker	mennesker	677
661	menneskerne	menneskerne	677
662	menneskernes	menneskernes	677
663	menneskers	menneskers	677
664	menneskes	menneskes	677
665	mennesket	mennesket	677
666	menneskets	menneskets	677
667	hos	hos	673
668	tilbage	tilbage	660
669	igen	igen	630
670	ske	ske	628
671	skeen	skeen	628
672	skeende	skeende	628
673	skeens	skeens	628
674	skeer	skeer	628
675	skeerne	skeerne	628
676	skeernes	skeernes	628
677	skeers	skeers	628
678	sker	sker	628
679	skes	skes	628
680	sket	sket	628
681	skete	skete	628
682	sketes	sketes	628
683	siden	siden	623
684	eksempel	eksempel	620
685	eksempels	eksempels	620
686	eksempler	eksempler	620
687	eksemplerne	eksemplerne	620
688	eksemplernes	eksemplernes	620
689	eksemplers	eksemplers	620
690	eksemplet	eksemplet	620
691	eksemplets	eksemplets	620
692	min	min	616
693	minut	minut	616
694	minuts	minuts	616
695	minutter	minutter	616
696	minutterne	minutterne	616
697	minutternes	minutternes	616
698	minutters	minutters	616
699	minuttet	minuttet	616
700	minuttets	minuttets	616
701	verden	verden	615
702	verdener	verdener	615
703	verdenerne	verdenerne	615
704	verdenernes	verdenernes	615
705	verdeners	verdeners	615
706	verdens	verdens	615
707	verdner	verdner	615
708	verdnerne	verdnerne	615
709	verdnernes	verdnernes	615
710	verdners	verdners	615
711	regering	regering	612
712	regeringen	regeringen	612
713	regeringens	regeringens	612
714	regeringer	regeringer	612
715	regeringerne	regeringerne	612
716	regeringernes	regeringernes	612
717	regeringers	regeringers	612
718	regerings	regerings	612
719	frem	frem	611
720	sag	sag	609
721	sagen	sagen	609
722	sagens	sagens	609
723	sager	sager	609
724	sagerne	sagerne	609
725	sagernes	sagernes	609
726	sagers	sagers	609
727	sags	sags	609
728	hvordan	hvordan	603
729	spil	spil	601
730	spille	spille	601
731	spillede	spillede	601
732	spilledes	spilledes	601
733	spillende	spillende	601
734	spiller	spiller	601
735	spilles	spilles	601
736	spillet	spillet	601
737	tal	tal	594
738	tale	tale	594
739	talen	talen	594
740	talende	talende	594
741	talens	talens	594
742	taler	taler	594
743	talerne	talerne	594
744	talernes	talernes	594
745	talers	talers	594
746	tales	tales	594
747	talt	talt	594
748	talte	talte	594
749	taltes	taltes	594
750	lav	lav	592
751	lave	lave	592
752	lavede	lavede	592
753	lavedes	lavedes	592
754	lavende	lavende	592
755	laver	laver	592
756	laves	laves	592
757	lavet	lavet	592
758	mask	mask	592
759	maske	måske	592
760	maskede	maskede	592
761	maskedes	maskedes	592
762	masken	masken	592
763	maskende	maskende	592
764	maskens	maskens	592
765	masker	masker	592
766	maskerne	maskerne	592
767	maskernes	maskernes	592
768	maskers	maskers	592
769	maskes	maskes	592
770	masket	masket	592
771	egen	egen	588
772	egent	egent	588
773	eget	eget	588
774	egne	egne	588
775	egnere	egnere	588
776	egnest	egnest	588
777	egneste	egneste	588
778	folk	folk	587
779	folkene	folkene	587
780	folkenes	folkenes	587
781	folket	folket	587
782	folkets	folkets	587
783	folks	folks	587
784	uden	uden	587
785	vid	vid	585
786	vide	vide	585
787	videde	videde	585
788	videdes	videdes	585
789	vidende	vidende	585
790	vider	vider	585
791	vides	vides	585
792	videt	videt	585
793	vidst	vidst	585
794	vidste	vidste	585
795	vidstes	vidstes	585
796	ung	ung	582
797	unge	unge	582
798	ungt	ungt	582
799	yngre	yngre	582
800	endnu	endnu	575
801	sadan	sådan	575
802	sadanne	sådanne	575
803	sadannere	sådannere	575
804	sadannest	sådannest	575
805	sadanneste	sådanneste	575
806	sadant	sådant	575
807	side	side	575
808	sidens	sidens	575
809	sider	sider	575
810	siderne	siderne	575
811	sidernes	sidernes	575
812	siders	siders	575
813	sides	sides	575
814	by	by	570
815	byen	byen	570
816	byens	byens	570
817	byer	byer	570
818	byerne	byerne	570
819	byernes	byernes	570
820	byers	byers	570
821	bys	bys	570
822	vej	vej	563
823	veje	veje	563
824	vejen	Vejen	563
825	vejene	vejene	563
826	vejenes	vejenes	563
827	vejens	Vejens	563
828	vejes	vejes	563
829	vejs	vejs	563
830	ned	ned	562
831	fortalt	fortalt	560
832	fortalte	fortalte	560
833	fortaltes	fortaltes	560
834	fortæl	fortæl	560
835	fortælle	fortælle	560
836	fortællende	fortællende	560
837	fortæller	fortæller	560
838	fortælles	fortælles	560
839	ifølge	ifølge	560
840	uge	uge	559
841	ugen	ugen	559
842	ugens	ugens	559
843	uger	uger	559
844	ugerne	ugerne	559
845	ugernes	ugernes	559
846	ugers	ugers	559
847	uges	uges	559
848	problem	problem	555
849	problemer	problemer	555
850	problemerne	problemerne	555
851	problemernes	problemernes	555
852	problemers	problemers	555
853	problemet	problemet	555
854	problemets	problemets	555
855	problems	problems	555
856	kamp	kamp	554
857	kampe	kampe	554
858	kampen	kampen	554
859	kampene	kampene	554
860	kampenes	kampenes	554
861	kampens	kampens	554
862	kampes	kampes	554
863	kamps	kamps	554
864	kvinde	kvinde	550
865	kvinden	kvinden	550
866	kvindens	kvindens	550
867	kvinder	kvinder	550
868	kvinderne	kvinderne	550
869	kvindernes	kvindernes	550
870	kvinders	kvinders	550
871	kvindes	kvindes	550
872	omkring	omkring	544
873	liv	liv	542
874	livene	livene	542
875	livenes	livenes	542
876	livet	livet	542
877	livets	livets	542
878	livs	livs	542
879	rigtig	rigtig	538
880	rigtige	rigtige	538
881	rigtigere	rigtigere	538
882	rigtigst	rigtigst	538
883	rigtigste	rigtigste	538
884	rigtigt	rigtigt	538
885	penge	penge	535
886	pengene	pengene	535
887	pengenes	pengenes	535
888	penges	penges	535
889	klar	klar	533
890	klare	klare	533
891	klarere	klarere	533
892	klarest	klarest	533
893	klareste	klareste	533
894	klart	klart	533
895	tro	tro	532
896	troede	troede	532
897	troen	troen	532
898	troende	troende	532
899	troens	troens	532
900	troere	troere	532
901	troest	troest	532
902	troeste	troeste	532
903	troet	troet	532
904	tror	tror	532
905	tros	tros	532
906	politisk	politisk	528
907	politiske	politiske	528
908	mad	mad	519
909	made	made	519
910	madede	madede	519
911	madedes	madedes	519
912	maden	måden	519
913	madende	madende	519
914	madens	mådens	519
915	mader	mader	519
916	maderne	måderne	519
917	madernes	mådernes	519
918	maders	måders	519
919	mades	mades	519
920	madet	madet	519
921	stadig	stadig	518
922	stadige	stadige	518
923	stadigere	stadigere	518
924	stadigst	stadigst	518
925	stadigste	stadigste	518
926	stadigt	stadigt	518
927	replik	replik	515
928	replikken	replikken	515
929	replikkens	replikkens	515
930	replikker	replikker	515
931	replikkerne	replikkerne	515
932	replikkernes	replikkernes	515
933	replikkers	replikkers	515
934	repliks	repliks	515
935	forhold	forhold	513
936	forholdene	forholdene	513
937	forholdenes	forholdenes	513
938	forholdet	forholdet	513
939	forholdets	forholdets	513
940	forholds	forholds	513
941	virksomhed	virksomhed	511
942	virksomheden	virksomheden	511
943	virksomhedens	virksomhedens	511
944	virksomheder	virksomheder	511
945	virksomhederne	virksomhederne	511
946	virksomhedernes	virksomhedernes	511
947	virksomheders	virksomheders	511
948	virksomheds	virksomheds	511
949	arbejd	arbejd	509
950	arbejde	arbejde	509
951	arbejdede	arbejdede	509
952	arbejdedes	arbejdedes	509
953	arbejdende	arbejdende	509
954	arbejder	arbejder	509
955	arbejderne	arbejderne	509
956	arbejdernes	arbejdernes	509
957	arbejders	arbejders	509
958	arbejdes	arbejdes	509
959	arbejdet	arbejdet	509
960	arbejdets	arbejdets	509
961	først	først	504
962	gennem	gennem	504
963	lagde	lagde	502
964	lagdes	lagdes	502
965	lagt	lagt	502
966	lagte	lagte	502
967	læg	læg	502
968	lægge	lægge	502
969	læggede	læggede	502
970	læggedes	læggedes	502
971	læggende	læggende	502
972	lægger	lægger	502
973	lægges	lægges	502
974	lægget	lægget	502
975	mulighed	mulighed	493
976	muligheden	muligheden	493
977	mulighedens	mulighedens	493
978	muligheder	muligheder	493
979	mulighederne	mulighederne	493
980	mulighedernes	mulighedernes	493
981	muligheders	muligheders	493
982	muligheds	muligheds	493
983	begynd	begynd	492
984	begynde	begynde	492
985	begyndende	begyndende	492
986	begynder	begynder	492
987	begyndes	begyndes	492
988	begyndt	begyndt	492
989	begyndte	begyndte	492
990	begyndtes	begyndtes	492
991	grund	grund	491
992	grunde	grunde	491
993	grundede	grundede	491
994	grunden	grunden	491
995	grundene	grundene	491
996	grundenes	grundenes	491
997	grundens	grundens	491
998	grundere	grundere	491
999	grundes	grundes	491
1000	grundest	grundest	491
1001	grundeste	grundeste	491
1002	grundet	grundet	491
1003	grunds	grunds	491
1004	grundt	grundt	491
1005	lad	lad	481
1006	lade	lade	481
1007	ladede	ladede	481
1008	ladedes	ladedes	481
1009	laden	laden	481
1010	ladende	ladende	481
1011	ladens	ladens	481
1012	lader	lader	481
1013	laderne	laderne	481
1014	ladernes	ladernes	481
1015	laders	laders	481
1016	lades	lades	481
1017	ladet	ladet	481
1018	ladt	ladt	481
1019	ladte	ladte	481
1020	lod	lod	481
1021	allerede	allerede	477
1022	skab	skab	474
1023	skabe	skabe	474
1024	skabede	skabede	474
1025	skabedes	skabedes	474
1026	skabende	skabende	474
1027	skaber	skaber	474
1028	skabes	skabes	474
1029	skabet	skabet	474
1030	skabt	skabt	474
1031	skabte	skabte	474
1032	skabtes	skabtes	474
1033	omrade	område	472
1034	omrader	områder	472
1035	omraderne	områderne	472
1036	omradernes	områdernes	472
1037	omraders	områders	472
1038	omrades	områdes	472
1039	omradet	området	472
1040	omradets	områdets	472
1041	bog	bog	470
1042	bogen	bogen	470
1043	bogene	bogene	470
1044	bogenes	bogenes	470
1045	bogens	bogens	470
1046	bogs	bogs	470
1047	bøger	bøger	470
1048	bøgerne	bøgerne	470
1049	bøgernes	bøgernes	470
1050	bøgers	bøgers	470
1051	samtidig	samtidig	467
1052	samtidige	samtidige	467
1053	samtidigere	samtidigere	467
1054	samtidigst	samtidigst	467
1055	samtidigste	samtidigste	467
1056	samtidigt	samtidigt	467
1057	valgt	valgt	465
1058	valgte	valgte	465
1059	valgtes	valgtes	465
1060	vælg	vælg	465
1061	vælge	vælge	465
1062	vælgende	vælgende	465
1063	vælger	vælger	465
1064	vælges	vælges	465
1065	kør	kør	453
1066	køre	køre	453
1067	kørende	kørende	453
1068	kører	kører	453
1069	køres	køres	453
1070	kørt	kørt	453
1071	kørte	kørte	453
1072	kørtes	kørtes	453
1073	maned	måned	442
1074	maneden	måneden	442
1075	manedens	månedens	442
1076	maneder	måneder	442
1077	manederne	månederne	442
1078	manedernes	månedernes	442
1079	maneders	måneders	442
1080	maneds	måneds	442
1081	sad	sad	442
1082	sid	sid	442
1083	sidde	sidde	442
1084	siddede	siddede	442
1085	siddende	siddende	442
1086	sidder	sidder	442
1087	siddes	siddes	442
1088	siddet	siddet	442
1089	politi	politi	441
1090	politiet	politiet	441
1091	politiets	politiets	441
1092	politis	politis	441
1093	svær	svær	441
1094	svære	svære	441
1095	sværen	sværen	441
1096	sværene	sværene	441
1097	sværenes	sværenes	441
1098	sværens	sværens	441
1099	sværere	sværere	441
1100	sværest	sværest	441
1101	sværeste	sværeste	441
1102	sværs	sværs	441
1103	svært	svært	441
1104	fulgt	fulgt	436
1105	fulgte	fulgte	436
1106	fulgtes	fulgtes	436
1107	følg	følg	436
1108	følge	følge	436
1109	følgen	følgen	436
1110	følgende	følgende	436
1111	følgens	følgens	436
1112	følger	følger	436
1113	følgerne	følgerne	436
1114	følgernes	følgernes	436
1115	følgers	følgers	436
1116	følges	følges	436
1117	følget	følget	436
1118	følgets	følgets	436
1119	gerne	gerne	436
1120	rakt	rakt	435
1121	rakte	rakte	435
1122	raktes	raktes	435
1123	ræk	ræk	435
1124	række	række	435
1125	rækken	rækken	435
1126	rækkende	rækkende	435
1127	rækkens	rækkens	435
1128	rækker	rækker	435
1129	rækkerne	rækkerne	435
1130	rækkernes	rækkernes	435
1131	rækkers	rækkers	435
1132	rækkes	rækkes	435
1133	altsa	altså	429
1134	vigtig	vigtig	428
1135	vigtige	vigtige	428
1136	vigtigere	vigtigere	428
1137	vigtigst	vigtigst	428
1138	vigtigste	vigtigste	428
1139	vigtigt	vigtigt	428
1140	aldrig	aldrig	424
1141	familie	familie	424
1142	familien	familien	424
1143	familiens	familiens	424
1144	familier	familier	424
1145	familierne	familierne	424
1146	familiernes	familiernes	424
1147	familiers	familiers	424
1148	families	families	424
1149	amerikansk	amerikansk	423
1150	amerikanske	amerikanske	423
1151	skol	skol	419
1152	skole	skole	419
1153	skolede	skolede	419
1154	skoledes	skoledes	419
1155	skolen	skolen	419
1156	skolende	skolende	419
1157	skolens	skolens	419
1158	skoler	skoler	419
1159	skolerne	skolerne	419
1160	skolernes	skolernes	419
1161	skolers	skolers	419
1162	skoles	skoles	419
1163	skolet	skolet	419
1164	historie	historie	418
1165	historien	historien	418
1166	historiens	historiens	418
1167	historier	historier	418
1168	historierne	historierne	418
1169	historiernes	historiernes	418
1170	historiers	historiers	418
1171	histories	histories	418
1172	par	par	418
1173	parrene	parrene	418
1174	parrenes	parrenes	418
1175	parret	parret	418
1176	parrets	parrets	418
1177	pars	pars	418
1178	altid	altid	417
1179	betyd	betyd	416
1180	betyde	betyde	416
1181	betydede	betydede	416
1182	betydedes	betydedes	416
1183	betydende	betydende	416
1184	betyder	betyder	416
1185	betydes	betydes	416
1186	betydet	betydet	416
1187	betød	betød	416
1188	plads	plads	416
1189	pladsen	pladsen	416
1190	pladsens	pladsens	416
1191	pladser	pladser	416
1192	pladserne	pladserne	416
1193	pladsernes	pladsernes	416
1194	pladsers	pladsers	416
1195	netop	netop	412
1196	forskellig	forskellig	408
1197	forskellige	forskellige	408
1198	forskelligere	forskelligere	408
1199	forskelligst	forskelligst	408
1200	forskelligste	forskelligste	408
1201	forskelligt	forskelligt	408
1202	kend	kend	403
1203	kende	kende	403
1204	kendende	kendende	403
1205	kender	kender	403
1206	kendes	kendes	403
1207	kendt	kendt	403
1208	kendte	kendte	403
1209	kendtes	kendtes	403
1210	hør	hør	402
1211	høre	høre	402
1212	hørende	hørende	402
1213	hører	hører	402
1214	høres	høres	402
1215	hørt	hørt	402
1216	hørte	hørte	402
1217	hørtes	hørtes	402
1218	sla	slå	398
1219	slaede	slåede	398
1220	slaen	slåen	398
1221	slaende	slående	398
1222	slaens	slåens	398
1223	slaer	slåer	398
1224	slaerne	slåerne	398
1225	slaernes	slåernes	398
1226	slaers	slåers	398
1227	slaet	slået	398
1228	slar	slår	398
1229	slas	slås	398
1230	slog	slog	398
1231	tænk	tænk	397
1232	tænke	tænke	397
1233	tænkende	tænkende	397
1234	tænker	tænker	397
1235	tænkes	tænkes	397
1236	tænkt	tænkt	397
1237	tænkte	tænkte	397
1238	tænktes	tænktes	397
1239	mine	mine	393
1240	mit	mit	393
1241	mød	mød	393
1242	møde	møde	393
1243	mødende	mødende	393
1244	møder	møder	393
1245	møderne	møderne	393
1246	mødernes	mødernes	393
1247	møders	møders	393
1248	mødes	mødes	393
1249	mødet	mødet	393
1250	mødets	mødets	393
1251	mødt	mødt	393
1252	mødte	mødte	393
1253	mødtes	mødtes	393
1254	film	film	392
1255	filmen	filmen	392
1256	filmene	filmene	392
1257	filmenes	filmenes	392
1258	filmens	filmens	392
1259	films	films	392
1260	million	million	392
1261	millionen	millionen	392
1262	millionens	millionens	392
1263	millioner	millioner	392
1264	millionerne	millionerne	392
1265	millionernes	millionernes	392
1266	millioners	millioners	392
1267	millions	millions	392
1268	ting	ting	392
1269	tingen	tingen	392
1270	tingene	tingene	392
1271	tingenes	tingenes	392
1272	tingens	tingens	392
1273	tinget	tinget	392
1274	tingets	tingets	392
1275	tings	tings	392
1276	parti	parti	388
1277	partier	partier	388
1278	partierne	partierne	388
1279	partiernes	partiernes	388
1280	partiers	partiers	388
1281	partiet	partiet	388
1282	partiets	partiets	388
1283	partis	partis	388
1284	klok	klok	387
1285	klokke	klokke	387
1286	klokkede	klokkede	387
1287	klokkedes	klokkedes	387
1288	klokken	klokken	387
1289	klokkende	klokkende	387
1290	klokkens	klokkens	387
1291	klokker	klokker	387
1292	klokkerne	klokkerne	387
1293	klokkernes	klokkernes	387
1294	klokkers	klokkers	387
1295	klokkes	klokkes	387
1296	klokket	klokket	387
1297	næst	næst	387
1298	næste	næste	387
1299	næstede	næstede	387
1300	næstedes	næstedes	387
1301	næsten	næsten	387
1302	næstende	næstende	387
1303	næstens	næstens	387
1304	næster	næster	387
1305	næstere	næstere	387
1306	næstes	næstes	387
1307	næstest	næstest	387
1308	næsteste	næsteste	387
1309	næstet	næstet	387
1310	send	send	386
1311	sende	sende	386
1312	sendende	sendende	386
1313	sender	sender	386
1314	sendes	sendes	386
1315	sendt	sendt	386
1316	sendte	sendte	386
1317	sendtes	sendtes	386
1318	pris	pris	385
1319	prisen	prisen	385
1320	prisens	prisens	385
1321	priser	priser	385
1322	priserne	priserne	385
1323	prisernes	prisernes	385
1324	prisers	prisers	385
1325	syn	syn	379
1326	syne	syne	379
1327	synede	synede	379
1328	synedes	synedes	379
1329	synende	synende	379
1330	syner	syner	379
1331	synes	synes	379
1332	synet	synet	379
1333	vandt	vandt	377
1334	vind	vind	377
1335	vinde	vinde	377
1336	vinden	vinden	377
1337	vindende	vindende	377
1338	vindens	vindens	377
1339	vinder	vinder	377
1340	vinderne	vinderne	377
1341	vindernes	vindernes	377
1342	vinders	vinders	377
1343	vindes	vindes	377
1344	vunden	vunden	377
1345	vundet	vundet	377
1346	vundne	vundne	377
1347	saml	saml	376
1348	samle	samle	376
1349	samlede	samlede	376
1350	samledes	samledes	376
1351	samlende	samlende	376
1352	samler	samler	376
1353	samles	samles	376
1354	samlet	samlet	376
1355	nemlig	nemlig	375
1356	fald	fald	374
1357	falde	falde	374
1358	falden	falden	374
1359	faldende	faldende	374
1360	falder	falder	374
1361	faldes	faldes	374
1362	faldet	faldet	374
1363	faldne	faldne	374
1364	faldt	faldt	374
1365	bil	bil	373
1366	bilen	bilen	373
1367	bilens	bilens	373
1368	biler	biler	373
1369	bilerne	bilerne	373
1370	bilernes	bilernes	373
1371	bilers	bilers	373
1372	bils	bils	373
1373	burde	burde	371
1374	burdede	burdede	371
1375	burdet	burdet	371
1376	bør	bør	371
1377	hus	hus	369
1378	huse	huse	369
1379	husene	husene	369
1380	husenes	husenes	369
1381	huses	huses	369
1382	huset	huset	369
1383	husets	husets	369
1384	mulig	mulig	369
1385	mulige	mulige	369
1386	muligere	muligere	369
1387	muligst	muligst	369
1388	muligste	muligste	369
1389	muligt	muligt	369
1390	medlem	medlem	368
1391	medlemmer	medlemmer	368
1392	medlemmerne	medlemmerne	368
1393	medlemmernes	medlemmernes	368
1394	medlemmers	medlemmers	368
1395	medlemmet	medlemmet	368
1396	medlemmets	medlemmets	368
1397	medlems	medlems	368
1398	særlig	særlig	368
1399	særlige	særlige	368
1400	særligere	særligere	368
1401	særligst	særligst	368
1402	særligste	særligste	368
1403	særligt	særligt	368
1404	hurtig	hurtig	362
1405	hurtige	hurtige	362
1406	hurtigere	hurtigere	362
1407	hurtigst	hurtigst	362
1408	hurtigste	hurtigste	362
1409	hurtigt	hurtigt	362
1410	direktør	direktør	361
1411	direktøren	direktøren	361
1412	direktørens	direktørens	361
1413	direktører	direktører	361
1414	direktørerne	direktørerne	361
1415	direktørernes	direktørernes	361
1416	direktørers	direktørers	361
1417	direktørs	direktørs	361
1418	formand	formand	361
1419	formanden	formanden	361
1420	formandens	formandens	361
1421	formands	formands	361
1422	formænd	formænd	361
1423	formændene	formændene	361
1424	formændenes	formændenes	361
1425	formænds	formænds	361
1426	spørgsmal	spørgsmål	361
1427	spørgsmalene	spørgsmålene	361
1428	spørgsmalenes	spørgsmålenes	361
1429	spørgsmalet	spørgsmålet	361
1430	spørgsmalets	spørgsmålets	361
1431	spørgsmals	spørgsmåls	361
1432	inden	inden	359
1433	rundt	rundt	359
1434	handl	handl	355
1435	handle	handle	355
1436	handlede	handlede	355
1437	handledes	handledes	355
1438	handlende	handlende	355
1439	handler	handler	355
1440	handles	handles	355
1441	handlet	handlet	355
1442	stærk	stærk	355
1443	stærke	stærke	355
1444	stærkere	stærkere	355
1445	stærkest	stærkest	355
1446	stærkeste	stærkeste	355
1447	stærkt	stærkt	355
1448	alten	alten	350
1449	altens	altens	350
1450	alter	alter	350
1451	alterne	alterne	350
1452	alternes	alternes	350
1453	alters	alters	350
1454	altet	altet	350
1455	altets	altets	350
1456	alts	alts	350
1457	køb	køb	349
1458	købe	købe	349
1459	købende	købende	349
1460	køber	køber	349
1461	købes	købes	349
1462	købt	købt	349
1463	købte	købte	349
1464	købtes	købtes	349
1465	dansker	dansker	346
1466	danskeren	danskeren	346
1467	danskerens	danskerens	346
1468	danskeres	danskeres	346
1469	danskerne	danskerne	346
1470	danskernes	danskernes	346
1471	danskers	danskers	346
1472	samt	samt	346
1473	økonomisk	økonomisk	346
1474	økonomiske	økonomiske	346
1475	kald	kald	345
1476	kalde	kalde	345
1477	kaldede	kaldede	345
1478	kaldedes	kaldedes	345
1479	kaldende	kaldende	345
1480	kalder	kalder	345
1481	kaldes	kaldes	345
1482	kaldet	kaldet	345
1483	kaldt	kaldt	345
1484	kaldte	kaldte	345
1485	kaldtes	kaldtes	345
1486	lev	lev	343
1487	leve	leve	343
1488	levede	levede	343
1489	levedes	levedes	343
1490	levende	levende	343
1491	lever	lever	343
1492	leves	leves	343
1493	levet	levet	343
1494	holdene	holdene	342
1495	holdenes	holdenes	342
1496	holdet	holdet	342
1497	holdets	holdets	342
1498	holds	holds	342
1499	gruppe	gruppe	341
1500	gruppen	gruppen	341
1501	gruppens	gruppens	341
1502	grupper	grupper	341
1503	grupperne	grupperne	341
1504	gruppernes	gruppernes	341
1505	gruppers	gruppers	341
1506	gruppes	gruppes	341
1507	cirka	cirka	340
1508	na	nå	337
1509	naede	nåede	337
1510	naende	nående	337
1511	naet	nået	337
1512	nah	nåh	337
1513	nas	nas	337
1514	aften	aften	335
1515	aftenen	aftenen	335
1516	aftenens	aftenens	335
1517	aftener	aftener	335
1518	aftenerne	aftenerne	335
1519	aftenernes	aftenernes	335
1520	afteners	afteners	335
1521	aftens	aftens	335
1522	aftner	aftner	335
1523	aftnerne	aftnerne	335
1524	aftnernes	aftnernes	335
1525	aftners	aftners	335
1526	dermed	dermed	334
1527	enkelt	enkelt	332
1528	enkelte	enkelte	332
1529	enkeltere	enkeltere	332
1530	enkeltest	enkeltest	332
1531	enkelteste	enkelteste	332
1532	lyd	lyd	332
1533	lyde	lyde	332
1534	lyden	lyden	332
1535	lydende	lydende	332
1536	lydens	lydens	332
1537	lyder	lyder	332
1538	lyderne	lyderne	332
1539	lydernes	lydernes	332
1540	lyders	lyders	332
1541	lydes	lydes	332
1542	lydt	lydt	332
1543	lydte	lydte	332
1544	lød	lød	332
1545	navn	navn	329
1546	navne	navne	329
1547	navnene	navnene	329
1548	navnenes	navnenes	329
1549	navnes	navnes	329
1550	navnet	navnet	329
1551	navnets	navnets	329
1552	navns	navns	329
1553	ønsk	ønsk	329
1554	ønske	ønske	329
1555	ønskede	ønskede	329
1556	ønskedes	ønskedes	329
1557	ønskende	ønskende	329
1558	ønsker	ønsker	329
1559	ønskerne	ønskerne	329
1560	ønskernes	ønskernes	329
1561	ønskers	ønskers	329
1562	ønskes	ønskes	329
1563	ønsket	ønsket	329
1564	ønskets	ønskets	329
1565	betal	betal	326
1566	betale	betale	326
1567	betalende	betalende	326
1568	betaler	betaler	326
1569	betales	betales	326
1570	betalt	betalt	326
1571	betalte	betalte	326
1572	betaltes	betaltes	326
1573	ellers	ellers	326
1574	heller	heller	326
1575	steg	steg	326
1576	stegen	stegen	326
1577	steget	steget	326
1578	stegne	stegne	326
1579	stig	stig	326
1580	stige	stige	326
1581	stigen	stigen	326
1582	stigende	stigende	326
1583	stigens	stigens	326
1584	stiger	stiger	326
1585	stigerne	stigerne	326
1586	stigernes	stigernes	326
1587	stigers	stigers	326
1588	stiges	stiges	326
1589	især	især	325
1590	mal	mål	325
1591	malene	målene	325
1592	malenes	målenes	325
1593	malet	malet	325
1594	malets	målets	325
1595	mals	måls	325
1596	blot	blot	324
1597	bloter	bloter	324
1598	bloterne	bloterne	324
1599	bloternes	bloternes	324
1600	bloters	bloters	324
1601	blotet	blotet	324
1602	blotets	blotets	324
1603	blots	blots	324
1604	blotte	blotte	324
1605	blottere	blottere	324
1606	blottest	blottest	324
1607	blotteste	blotteste	324
1608	faktisk	faktisk	323
1609	faktiske	faktiske	323
1610	selskab	selskab	323
1611	selskaber	selskaber	323
1612	selskaberne	selskaberne	323
1613	selskabernes	selskabernes	323
1614	selskabers	selskabers	323
1615	selskabet	selskabet	323
1616	selskabets	selskabets	323
1617	selskabs	selskabs	323
1618	ofte	ofte	322
1619	billede	billede	320
1620	billeder	billeder	320
1621	billederne	billederne	320
1622	billedernes	billedernes	320
1623	billeders	billeders	320
1624	billedes	billedes	320
1625	billedet	billedet	320
1626	billedets	billedets	320
1627	videre	videre	320
1628	lov	lov	319
1629	love	love	319
1630	loven	loven	319
1631	lovene	lovene	319
1632	lovenes	lovenes	319
1633	lovens	lovens	319
1634	loves	loves	319
1635	lovs	lovs	319
1636	ord	ord	319
1637	ordene	ordene	319
1638	ordenes	ordenes	319
1639	ordet	ordet	319
1640	ordets	ordets	319
1641	ords	ords	319
1642	faldene	faldene	318
1643	faldenes	faldenes	318
1644	faldets	faldets	318
1645	falds	falds	318
1646	person	person	317
1647	personen	personen	317
1648	personens	personens	317
1649	personer	personer	317
1650	personerne	personerne	317
1651	personernes	personernes	317
1652	personers	personers	317
1653	persons	persons	317
1654	brugen	brugen	315
1655	brugene	brugene	315
1656	brugenes	brugenes	315
1657	brugens	brugens	315
1658	bruget	bruget	315
1659	brugets	brugets	315
1660	brugs	brugs	315
1661	forsøg	forsøg	315
1662	forsøge	forsøge	315
1663	forsøgende	forsøgende	315
1664	forsøger	forsøger	315
1665	forsøges	forsøges	315
1666	forsøgt	forsøgt	315
1667	forsøgte	forsøgte	315
1668	forsøgtes	forsøgtes	315
1669	vent	vent	314
1670	vente	vente	314
1671	ventede	ventede	314
1672	ventedes	ventedes	314
1673	ventende	ventende	314
1674	venter	venter	314
1675	ventes	ventes	314
1676	ventet	ventet	314
1677	kort	kort	311
1678	korte	korte	311
1679	kortene	kortene	311
1680	kortenes	kortenes	311
1681	kortere	kortere	311
1682	kortest	kortest	311
1683	korteste	korteste	311
1684	kortet	kortet	311
1685	kortets	kortets	311
1686	korts	korts	311
1687	offentlig	offentlig	311
1688	offentlige	offentlige	311
1689	offentligere	offentligere	311
1690	offentligst	offentligst	311
1691	offentligste	offentligste	311
1692	offentligt	offentligt	311
1693	international	international	310
1694	internationale	internationale	310
1695	internationalere	internationalere	310
1696	internationalest	internationalest	310
1697	internationaleste	internationaleste	310
1698	internationalt	internationalt	310
1699	politiker	politiker	310
1700	politikere	politikere	310
1701	politikeren	politikeren	310
1702	politikerens	politikerens	310
1703	politikeres	politikeres	310
1704	politikerne	politikerne	310
1705	politikernes	politikernes	310
1706	politikers	politikers	310
1707	før	før	309
1708	føre	føre	309
1709	førende	førende	309
1710	fører	fører	309
1711	føres	føres	309
1712	føret	føret	309
1713	førets	førets	309
1714	ført	ført	309
1715	førte	førte	309
1716	førtes	førtes	309
1717	læs	læs	308
1718	læse	læse	308
1719	læsende	læsende	308
1720	læser	læser	308
1721	læses	læses	308
1722	læst	læst	308
1723	læste	læste	308
1724	læstes	læstes	308
1725	stil	stil	308
1726	stille	stille	308
1727	stillede	stillede	308
1728	stilledes	stilledes	308
1729	stillende	stillende	308
1730	stiller	stiller	308
1731	stillere	stillere	308
1732	stilles	stilles	308
1733	stillest	stillest	308
1734	stilleste	stilleste	308
1735	stillet	stillet	308
1736	bag	bag	306
1737	bage	bage	306
1738	bagen	bagen	306
1739	bagene	bagene	306
1740	bagenes	bagenes	306
1741	bagens	bagens	306
1742	bages	bages	306
1743	bags	bags	306
1744	gjaldt	gjaldt	302
1745	gjaldte	gjaldte	302
1746	gæld	gæld	302
1747	gælde	gælde	302
1748	gældende	gældende	302
1749	gælder	gælder	302
1750	gældes	gældes	302
1751	gældt	gældt	302
1752	gældte	gældte	302
1753	h	h	302
1754	time	time	302
1755	timede	timede	302
1756	timedes	timedes	302
1757	timen	timen	302
1758	timende	timende	302
1759	timens	timens	302
1760	timer	timer	302
1761	timerne	timerne	302
1762	timernes	timernes	302
1763	timers	timers	302
1764	times	times	302
1765	timet	timet	302
1766	forbindelse	forbindelse	297
1767	forbindelsen	forbindelsen	297
1768	forbindelsens	forbindelsens	297
1769	forbindelser	forbindelser	297
1770	forbindelserne	forbindelserne	297
1771	forbindelsernes	forbindelsernes	297
1772	forbindelsers	forbindelsers	297
1773	forbindelses	forbindelses	297
1774	form	form	294
1775	forme	forme	294
1776	formen	formen	294
1777	formene	formene	294
1778	formenes	formenes	294
1779	formens	formens	294
1780	former	former	294
1781	formerne	formerne	294
1782	formernes	formernes	294
1783	formers	formers	294
1784	formes	formes	294
1785	forms	forms	294
1786	alligevel	alligevel	293
1787	forklar	forklar	293
1788	forklare	forklare	293
1789	forklarede	forklarede	293
1790	forklaredes	forklaredes	293
1791	forklarende	forklarende	293
1792	forklarer	forklarer	293
1793	forklares	forklares	293
1794	forklaret	forklaret	293
1795	nær	nær	293
1796	nære	nære	293
1797	nærere	nærere	293
1798	nærest	nærest	293
1799	næreste	næreste	293
1800	nært	nært	293
1801	trak	trak	293
1802	trukken	trukken	293
1803	trukket	trukket	293
1804	trukne	trukne	293
1805	træk	træk	293
1806	trække	trække	293
1807	trækkende	trækkende	293
1808	trækker	trækker	293
1809	trækkes	trækkes	293
1810	udvikling	udvikling	292
1811	udviklingen	udviklingen	292
1812	udviklingens	udviklingens	292
1813	udviklinger	udviklinger	292
1814	udviklingerne	udviklingerne	292
1815	udviklingernes	udviklingernes	292
1816	udviklingers	udviklingers	292
1817	udviklings	udviklings	292
1818	hvorfor	hvorfor	291
1819	sikr	sikr	291
1820	sikre	sikre	291
1821	sikrede	sikrede	291
1822	sikredes	sikredes	291
1823	sikrende	sikrende	291
1824	sikrer	sikrer	291
1825	sikres	sikres	291
1826	sikret	sikret	291
1827	tysk	tysk	291
1828	tyske	tyske	291
1829	tyskere	tyskere	291
1830	tyskest	tyskest	291
1831	tyskeste	tyskeste	291
1832	tysks	tysks	291
1833	leder	leder	288
1834	ledere	ledere	288
1835	lederen	lederen	288
1836	lederens	lederens	288
1837	lederes	lederes	288
1838	lederne	lederne	288
1839	ledernes	ledernes	288
1840	leders	leders	288
1841	grad	grad	286
1842	graden	graden	286
1843	gradens	gradens	286
1844	grader	grader	286
1845	graderne	graderne	286
1846	gradernes	gradernes	286
1847	graders	graders	286
1848	grads	grads	286
1849	løb	løb	284
1850	løbene	løbene	284
1851	løbenes	løbenes	284
1852	løbet	løbet	284
1853	løbets	løbets	284
1854	løbs	løbs	284
1855	fast	fast	282
1856	faste	faste	282
1857	fastere	fastere	282
1858	fastest	fastest	282
1859	fasteste	fasteste	282
1860	bank	bank	281
1861	banken	banken	281
1862	bankene	bankene	281
1863	bankenes	bankenes	281
1864	bankens	bankens	281
1865	banker	banker	281
1866	bankerne	bankerne	281
1867	bankernes	bankernes	281
1868	bankers	bankers	281
1869	banket	banket	281
1870	bankets	bankets	281
1871	banks	banks	281
1872	førere	førere	281
1873	førest	førest	281
1874	føreste	føreste	281
1875	oplev	oplev	281
1876	opleve	opleve	281
1877	oplevede	oplevede	281
1878	oplevedes	oplevedes	281
1879	oplevende	oplevende	281
1880	oplever	oplever	281
1881	opleves	opleves	281
1882	oplevet	oplevet	281
1883	resultat	resultat	280
1884	resultater	resultater	280
1885	resultaterne	resultaterne	280
1886	resultaternes	resultaternes	280
1887	resultaters	resultaters	280
1888	resultatet	resultatet	280
1889	resultatets	resultatets	280
1890	resultats	resultats	280
1891	tæt	tæt	279
1892	tætte	tætte	279
1893	tættere	tættere	279
1894	tættest	tættest	279
1895	tætteste	tætteste	279
1896	føl	føl	278
1897	føle	føle	278
1898	følende	følende	278
1899	føler	føler	278
1900	føles	føles	278
1901	følt	følt	278
1902	følte	følte	278
1903	føltes	føltes	278
1904	hvem	hvem	278
1905	hard	hård	277
1906	harde	hårde	277
1907	hardere	hårdere	277
1908	hardest	hårdest	277
1909	hardeste	hårdeste	277
1910	hardt	hårdt	277
1911	bo	bo	276
1912	boede	boede	276
1913	boedes	boedes	276
1914	boende	boende	276
1915	boer	boer	276
1916	boerne	boerne	276
1917	boernes	boernes	276
1918	boers	boers	276
1919	boet	boet	276
1920	boets	boets	276
1921	bor	bor	276
1922	bos	bos	276
1923	samfund	samfund	276
1924	samfundene	samfundene	276
1925	samfundenes	samfundenes	276
1926	samfundet	samfundet	276
1927	samfundets	samfundets	276
1928	samfunds	samfunds	276
1929	øvrig	øvrig	276
1930	øvrige	øvrige	276
1931	øvrigere	øvrigere	276
1932	øvrigst	øvrigst	276
1933	øvrigste	øvrigste	276
1934	øvrigt	øvrigt	276
1935	ansat	ansat	274
1936	ansatte	ansatte	274
1937	ansattes	ansattes	274
1938	ansæt	ansæt	274
1939	ansætte	ansætte	274
1940	ansættende	ansættende	274
1941	ansætter	ansætter	274
1942	ansættes	ansættes	274
1943	tallene	tallene	270
1944	tallenes	tallenes	270
1945	tallet	tallet	270
1946	tallets	tallets	270
1947	tals	tåls	270
1948	eneste	eneste	268
1949	enestere	enestere	268
1950	enestest	enestest	268
1951	enesteste	enesteste	268
1952	hjalp	hjalp	267
1953	hjulpen	hjulpen	267
1954	hjulpet	hjulpet	267
1955	hjulpne	hjulpne	267
1956	hjælp	hjælp	267
1957	hjælpe	hjælpe	267
1958	hjælpende	hjælpende	267
1959	hjælper	hjælper	267
1960	hjælpes	hjælpes	267
1961	projekt	projekt	266
1962	projekter	projekter	266
1963	projekterne	projekterne	266
1964	projekternes	projekternes	266
1965	projekters	projekters	266
1966	projektet	projektet	266
1967	projektets	projektets	266
1968	projekts	projekts	266
1969	forsta	forstå	265
1970	forstaede	forståede	265
1971	forstaende	forstående	265
1972	forstaet	forstået	265
1973	forstar	forstår	265
1974	forstas	forstås	265
1975	forstod	forstod	265
1976	sikker	sikker	265
1977	sikkert	sikkert	265
1978	sikrere	sikrere	265
1979	sikrest	sikrest	265
1980	sikreste	sikreste	265
1981	kræv	kræv	264
1982	kræve	kræve	264
1983	krævede	krævede	264
1984	krævedes	krævedes	264
1985	krævende	krævende	264
1986	kræver	kræver	264
1987	kræves	kræves	264
1988	krævet	krævet	264
1989	universitet	universitet	264
1990	universiteter	universiteter	264
1991	universiteterne	universiteterne	264
1992	universiteternes	universiteternes	264
1993	universiteters	universiteters	264
1994	universitetet	universitetet	264
1995	universitetets	universitetets	264
1996	universitets	universitets	264
1997	ganske	ganske	263
1998	hvilke	hvilke	262
1999	hvilken	hvilken	262
2000	hvilket	hvilket	262
